{
  "CityObjects": {
    "Building": {
      "attributes": {},
      "children": [
        "BuildingRoom0",
        "BuildingRoom1",
        "BuildingRoom2",
        "BuildingRoom3"
      ],
      "geometry": [
        {
          "boundaries": [
            [
              [
                0,
                1,
                2
              ]
            ],
            [
              [
                3,
                1,
                0,
                4
              ]
            ],
            [
              [
                5,
                6,
                1,
                3,
                7
              ]
            ],
            [
              [
                1,
                6,
                8,
                9,
                10,
                11,
                12,
                13,
                14,
                2
              ]
            ],
            [
              [
                0,
                15,
                16,
                17,
                18,
                19,
                20,
                21
              ]
            ],
            [
              [
                22,
                0,
                21
              ]
            ],
            [
              [
                4,
                0,
                22,
                23
              ]
            ],
            [
              [
                0,
                2,
                14
              ]
            ],
            [
              [
                21,
                0,
                14
              ]
            ],
            [
              [
                24,
                25,
                15,
                0,
                21,
                20,
                19,
                18
              ]
            ],
            [
              [
                26,
                27,
                7,
                3,
                4,
                23
              ]
            ],
            [
              [
                8,
                6,
                5
              ]
            ],
            [
              [
                7,
                27,
                5
              ]
            ],
            [
              [
                28,
                29,
                30,
                8,
                5,
                27
              ]
            ],
            [
              [
                9,
                8,
                30
              ]
            ],
            [
              [
                9,
                30,
                31,
                14,
                13,
                32,
                33,
                10
              ]
            ],
            [
              [
                11,
                10,
                33
              ]
            ],
            [
              [
                11,
                33,
                32,
                12
              ]
            ],
            [
              [
                12,
                32,
                13
              ]
            ],
            [
              [
                14,
                31,
                34,
                35
              ]
            ],
            [
              [
                36,
                13,
                14,
                35
              ]
            ],
            [
              [
                14,
                13,
                37,
                38,
                21
              ]
            ],
            [
              [
                15,
                25,
                39,
                40,
                41,
                16
              ]
            ],
            [
              [
                17,
                16,
                41,
                42
              ]
            ],
            [
              [
                43,
                24,
                18,
                17,
                42,
                44
              ]
            ],
            [
              [
                20,
                35,
                19
              ]
            ],
            [
              [
                19,
                35,
                34
              ]
            ],
            [
              [
                34,
                45,
                46,
                47,
                19
              ]
            ],
            [
              [
                47,
                20,
                19
              ]
            ],
            [
              [
                48,
                20,
                47
              ]
            ],
            [
              [
                49,
                36,
                35,
                20,
                48
              ]
            ],
            [
              [
                38,
                22,
                21
              ]
            ],
            [
              [
                22,
                26,
                23
              ]
            ],
            [
              [
                47,
                22,
                38,
                48
              ]
            ],
            [
              [
                46,
                28,
                27,
                26,
                22,
                47
              ]
            ],
            [
              [
                39,
                25,
                24,
                43
              ]
            ],
            [
              [
                45,
                29,
                28,
                46
              ]
            ],
            [
              [
                30,
                29,
                45,
                34,
                31
              ]
            ],
            [
              [
                37,
                13,
                36,
                49
              ]
            ],
            [
              [
                38,
                37,
                49,
                48
              ]
            ],
            [
              [
                40,
                39,
                43,
                44
              ]
            ],
            [
              [
                41,
                40,
                44,
                42
              ]
            ]
          ],
          "lod": "2.2",
          "semantics": {
            "surfaces": [
              {
                "type": "RoofSurface"
              },
              {
                "type": "WallSurface"
              },
              {
                "type": "FloorSurface"
              }
            ],
            "values": [
              1,
              1,
              1,
              1,
              2,
              0,
              1,
              0,
              0,
              2,
              1,
              2,
              0,
              1,
              0,
              1,
              2,
              1,
              0,
              0,
              1,
              1,
              1,
              1,
              1,
              0,
              0,
              1,
              0,
              0,
              1,
              0,
              0,
              0,
              1,
              1,
              2,
              1,
              0,
              1,
              0,
              0
            ]
          },
          "type": "MultiSurface"
        }
      ],
      "type": "Building"
    },
    "BuildingRoom0": {
      "attributes": {},
      "geometry": [
        {
          "boundaries": [
            [
              [
                50,
                51,
                52,
                53
              ]
            ],
            [
              [
                50,
                54,
                55,
                51
              ]
            ],
            [
              [
                55,
                56,
                52,
                51
              ]
            ],
            [
              [
                53,
                57,
                54,
                50
              ]
            ],
            [
              [
                53,
                52,
                56,
                57
              ]
            ],
            [
              [
                56,
                55,
                54,
                57
              ]
            ]
          ],
          "lod": "2.2",
          "type": "MultiSurface"
        }
      ],
      "parents": [
        "Building"
      ],
      "type": "BuildingRoom"
    },
    "BuildingRoom1": {
      "attributes": {},
      "geometry": [
        {
          "boundaries": [
            [
              [
                10,
                9,
                58,
                59
              ]
            ],
            [
              [
                60,
                9,
                10,
                61
              ]
            ],
            [
              [
                60,
                62,
                63,
                64,
                65,
                66,
                67,
                68,
                58,
                9
              ]
            ],
            [
              [
                59,
                69,
                70,
                71,
                72,
                73,
                74,
                75,
                61,
                10
              ]
            ],
            [
              [
                59,
                58,
                68,
                69
              ]
            ],
            [
              [
                62,
                60,
                61,
                75
              ]
            ],
            [
              [
                74,
                63,
                62,
                75
              ]
            ],
            [
              [
                74,
                73,
                64,
                63
              ]
            ],
            [
              [
                72,
                65,
                64,
                73
              ]
            ],
            [
              [
                71,
                66,
                65,
                72
              ]
            ],
            [
              [
                67,
                66,
                71,
                70
              ]
            ],
            [
              [
                69,
                68,
                67,
                70
              ]
            ]
          ],
          "lod": "2.2",
          "type": "MultiSurface"
        }
      ],
      "parents": [
        "Building"
      ],
      "type": "BuildingRoom"
    },
    "BuildingRoom2": {
      "attributes": {},
      "geometry": [
        {
          "boundaries": [
            [
              [
                76,
                77,
                78,
                79
              ]
            ],
            [
              [
                80,
                77,
                76,
                81
              ]
            ],
            [
              [
                80,
                82,
                78,
                77
              ]
            ],
            [
              [
                79,
                83,
                81,
                76
              ]
            ],
            [
              [
                79,
                78,
                82,
                83
              ]
            ],
            [
              [
                82,
                80,
                81,
                83
              ]
            ]
          ],
          "lod": "2.2",
          "type": "MultiSurface"
        }
      ],
      "parents": [
        "Building"
      ],
      "type": "BuildingRoom"
    },
    "BuildingRoom3": {
      "attributes": {},
      "geometry": [
        {
          "boundaries": [
            [
              [
                84,
                85,
                86,
                87
              ]
            ],
            [
              [
                84,
                88,
                89,
                85
              ]
            ],
            [
              [
                89,
                90,
                86,
                85
              ]
            ],
            [
              [
                87,
                91,
                88,
                84
              ]
            ],
            [
              [
                87,
                86,
                90,
                91
              ]
            ],
            [
              [
                88,
                91,
                90,
                89
              ]
            ]
          ],
          "lod": "2.2",
          "type": "MultiSurface"
        }
      ],
      "parents": [
        "Building"
      ],
      "type": "BuildingRoom"
    }
  },
  "transform": {
    "scale": [
      1.0,
      1.0,
      1.0
    ],
    "translate": [
      0.0,
      0.0,
      0.0
    ]
  },
  "type": "CityJSON",
  "version": "1.1",
  "vertices": [
    [
      -1.1102230246251565e-16,
      5.0,
      6.086751461029053
    ],
    [
      -2.220446049250313e-16,
      1.4791142560641147e-32,
      2.700000047683716
    ],
    [
      -2.220446049250313e-16,
      1.4791142560641147e-32,
      3.200000047683716
    ],
    [
      9.860761315262648e-32,
      10.0,
      2.700000047683716
    ],
    [
      9.860761315262648e-32,
      10.0,
      2.700000047683716
    ],
    [
      0.0,
      9.999999999999996,
      0.0
    ],
    [
      -2.220446049250313e-16,
      1.4791142560641147e-32,
      0.0
    ],
    [
      9.860761315262648e-32,
      10.0,
      0.0
    ],
    [
      0.0,
      2.2204460492503116e-16,
      0.0
    ],
    [
      0.30000001192092896,
      0.30000001192092896,
      0.0
    ],
    [
      0.30000001192092896,
      0.30000001192092896,
      2.5
    ],
    [
      0.10000000149011612,
      0.10000000149011626,
      2.5
    ],
    [
      0.10000000149011612,
      0.10000000149011626,
      2.700000047683716
    ],
    [
      0.30000001192092896,
      0.30000001192092896,
      2.700000047683716
    ],
    [
      0.30000001192092896,
      0.30000001192092896,
      3.3732051849365234
    ],
    [
      -0.5,
      5.0,
      6.086751461029053
    ],
    [
      -0.5,
      10.5,
      2.911324977874756
    ],
    [
      12.5,
      10.5,
      2.911324977874756
    ],
    [
      12.5,
      5.0,
      6.086751461029053
    ],
    [
      12.0,
      5.0,
      6.086751461029053
    ],
    [
      11.699999809265137,
      5.0,
      6.086751461029053
    ],
    [
      0.30000001192092896,
      5.0,
      6.086751461029053
    ],
    [
      9.860761315262648e-32,
      10.0,
      3.200000047683716
    ],
    [
      9.860761315262648e-32,
      10.0,
      3.200000047683716
    ],
    [
      12.5,
      -0.5,
      2.911324977874756
    ],
    [
      -0.5,
      -0.5,
      2.911324977874756
    ],
    [
      0.0,
      10.0,
      3.200000047683716
    ],
    [
      0.0,
      10.0,
      0.0
    ],
    [
      0.0,
      10.0,
      -0.20000000298023224
    ],
    [
      0.0,
      0.0,
      -0.20000000298023224
    ],
    [
      0.0,
      0.0,
      0.0
    ],
    [
      0.0,
      0.0,
      3.200000047683716
    ],
    [
      0.10000000149011612,
      0.10000000149011612,
      2.700000047683716
    ],
    [
      0.10000000149011612,
      0.10000000149011612,
      2.5
    ],
    [
      12.0,
      0.0,
      3.200000047683716
    ],
    [
      11.699999809265137,
      0.30000001192092896,
      3.3732051849365234
    ],
    [
      11.699999809265137,
      0.30000001192092896,
      2.700000047683716
    ],
    [
      0.30000001192092896,
      9.699999809265137,
      2.700000047683716
    ],
    [
      0.30000001192092896,
      9.699999809265137,
      3.3732051849365234
    ],
    [
      -0.5,
      -0.5,
      3.1422650814056396
    ],
    [
      -0.5,
      5.0,
      6.317691326141357
    ],
    [
      -0.5,
      10.5,
      3.1422650814056396
    ],
    [
      12.5,
      10.5,
      3.1422650814056396
    ],
    [
      12.5,
      -0.5,
      3.1422650814056396
    ],
    [
      12.5,
      5.0,
      6.317691326141357
    ],
    [
      12.0,
      0.0,
      -0.20000000298023224
    ],
    [
      12.0,
      10.0,
      -0.20000000298023224
    ],
    [
      12.0,
      10.0,
      3.200000047683716
    ],
    [
      11.699999809265137,
      9.699999809265137,
      3.3732051849365234
    ],
    [
      11.699999809265137,
      9.699999809265137,
      2.700000047683716
    ],
    [
      0.30000001192092896,
      5.989999771118164,
      2.5
    ],
    [
      0.30000001192092896,
      5.989999771118164,
      0.0
    ],
    [
      0.30000001192092896,
      9.699999809265137,
      0.0
    ],
    [
      0.30000001192092896,
      9.699999809265137,
      2.5
    ],
    [
      3.799999952316284,
      5.989999771118164,
      2.5
    ],
    [
      3.799999952316284,
      5.989999771118164,
      0.0
    ],
    [
      3.799999952316284,
      9.699999809265137,
      0.0
    ],
    [
      3.799999952316284,
      9.699999809265137,
      2.5
    ],
    [
      0.30000001192092896,
      4.010000228881836,
      0.0
    ],
    [
      0.30000001192092896,
      4.010000228881836,
      2.5
    ],
    [
      11.699999809265137,
      0.30000001192092896,
      0.0
    ],
    [
      11.699999809265137,
      0.30000001192092896,
      2.5
    ],
    [
      11.699999809265137,
      4.010000228881836,
      0.0
    ],
    [
      7.409999847412109,
      4.010000228881836,
      0.0
    ],
    [
      7.409999847412109,
      5.75,
      0.0
    ],
    [
      0.30000001192092896,
      5.75,
      0.0
    ],
    [
      0.30000001192092896,
      4.25,
      0.0
    ],
    [
      3.799999952316284,
      4.25,
      0.0
    ],
    [
      3.799999952316284,
      4.010000228881836,
      0.0
    ],
    [
      3.799999952316284,
      4.010000228881836,
      2.5
    ],
    [
      3.799999952316284,
      4.25,
      2.5
    ],
    [
      0.30000001192092896,
      4.25,
      2.5
    ],
    [
      0.30000001192092896,
      5.75,
      2.5
    ],
    [
      7.409999847412109,
      5.75,
      2.5
    ],
    [
      7.409999847412109,
      4.010000228881836,
      2.5
    ],
    [
      11.699999809265137,
      4.010000228881836,
      2.5
    ],
    [
      7.650000095367432,
      4.25,
      2.5
    ],
    [
      7.650000095367432,
      4.25,
      0.0
    ],
    [
      7.650000095367432,
      9.699999809265137,
      0.0
    ],
    [
      7.650000095367432,
      9.699999809265137,
      2.5
    ],
    [
      11.699999809265137,
      4.25,
      0.0
    ],
    [
      11.699999809265137,
      4.25,
      2.5
    ],
    [
      11.699999809265137,
      9.699999809265137,
      0.0
    ],
    [
      11.699999809265137,
      9.699999809265137,
      2.5
    ],
    [
      4.039999961853027,
      5.989999771118164,
      2.5
    ],
    [
      4.039999961853027,
      5.989999771118164,
      0.0
    ],
    [
      4.039999961853027,
      9.699999809265137,
      0.0
    ],
    [
      4.039999961853027,
      9.699999809265137,
      2.5
    ],
    [
      7.409999847412109,
      5.989999771118164,
      2.5
    ],
    [
      7.409999847412109,
      5.989999771118164,
      0.0
    ],
    [
      7.409999847412109,
      9.699999809265137,
      0.0
    ],
    [
      7.409999847412109,
      9.699999809265137,
      2.5
    ]
  ]
}